id,parent_id/id,tax_ids/id,code,name,type,user_type/id,reconcile,note
pcg_Classes_6_et_7,pcg_0,,Classes 6 et 7,Comptes de gestion,View,account.data_account_type_view,False,
pcg_Classe_6,pcg_Classes_6_et_7,,Classe 6,Comptes de charges,View,account.data_account_type_view,False,
pcg_60,pcg_Classe_6,,60,Achats(sauf 603),View,account.data_account_type_view,False,
pcg_601,pcg_60,tva_acq_normale,601,Achats stockés - Matières premières (et fournitures),View,account.data_account_type_view,False,Destinés à la production ou revente
pcg_6011,pcg_601,tva_acq_normale,6011,Matières (ou groupe) A,Regular,account.data_account_type_expense,False,
pcg_6012,pcg_601,tva_acq_reduite,6012,Matières (ou groupe) B,Regular,account.data_account_type_expense,False,
pcg_6017,pcg_601,,6017,"Fournitures A, B, C, ..",Regular,account.data_account_type_expense,False,
pcg_602,pcg_60,tva_acq_normale,602,Achats stockés - Autres approvisionnements,View,account.data_account_type_view,False,Destinés à la production ou revente
pcg_6021,pcg_602,tva_acq_normale,6021,Matières consommables,View,account.data_account_type_view,False,
pcg_60211,pcg_6021,tva_acq_normale,60211,Matières (ou groupe) C,Regular,account.data_account_type_expense,False,
pcg_60212,pcg_6021,tva_acq_normale,60212,Matières (ou groupe) D,Regular,account.data_account_type_expense,False,
pcg_6022,pcg_602,tva_acq_normale,6022,Fournitures consommables,View,account.data_account_type_view,False,
pcg_60221,pcg_6022,tva_acq_normale,60221,Combustibles,Regular,account.data_account_type_expense,False,
pcg_60222,pcg_6022,tva_acq_normale,60222,Produits d'entretien,Regular,account.data_account_type_expense,False,
pcg_60223,pcg_6022,tva_acq_normale,60223,Fournitures d'atelier et d'usine,Regular,account.data_account_type_expense,False,
pcg_60224,pcg_6022,tva_acq_normale,60224,Fournitures de magasin,Regular,account.data_account_type_expense,False,
pcg_60225,pcg_6022,tva_acq_normale,60225,Fournitures de bureau,Regular,account.data_account_type_expense,False,
pcg_6026,pcg_602,tva_acq_normale,6026,Emballages,View,account.data_account_type_view,False,
pcg_60261,pcg_6026,tva_acq_normale,60261,Emballages perdus,Regular,account.data_account_type_expense,False,
pcg_60265,pcg_6026,tva_acq_normale,60265,Emballages récupérables non identifiables,Regular,account.data_account_type_expense,False,
pcg_60267,pcg_6026,tva_acq_normale,60267,Emballages à usage mixte,Regular,account.data_account_type_expense,False,
pcg_603,pcg_60,tva_acq_normale,603,Variation des stocks (approvisionnements et marchandises),View,account.data_account_type_view,False,Utilisé lors des inventaires
pcg_6031,pcg_603,tva_acq_normale,6031,Variation des stocks de matières premières (et fournitures),Regular,account.data_account_type_expense,False,
pcg_6032,pcg_603,tva_acq_normale,6032,Variation des stocks des autres approvisionnements,Regular,account.data_account_type_expense,False,
pcg_6037,pcg_603,tva_acq_normale,6037,Variation des stocks de marchandises,Regular,account.data_account_type_expense,False,
pcg_604,pcg_60,tva_acq_normale,604,Achats d'études et prestations de services,Regular,account.data_account_type_expense,False,
pcg_605,pcg_60,tva_acq_normale,605,Achats de matériel équipements et travaux,Regular,account.data_account_type_expense,False,
pcg_606,pcg_60,tva_acq_normale,606,Achats non stockés de matières et fournitures,View,account.data_account_type_view,False,Pour l'usage interne à l'entreprise
pcg_6061,pcg_606,tva_acq_normale,6061,"Fournitures non stockables (eau, énergie...) ",Regular,account.data_account_type_expense,False,
pcg_6063,pcg_606,tva_acq_normale,6063,Fournitures d'entretien et de petit équipement,Regular,account.data_account_type_expense,False,
pcg_6064,pcg_606,tva_acq_normale,6064,Fournitures administratives,Regular,account.data_account_type_expense,False,
pcg_6068,pcg_606,tva_acq_normale,6068,Autres matières et fournitures,Regular,account.data_account_type_expense,False,
fr_pcg_expense,pcg_60,tva_acq_normale,607,Achats de marchandises,View,account.data_account_type_view,False,Biens revendus tels quels (707)
pcg_6071,fr_pcg_expense,tva_acq_normale,6071,Marchandise (ou groupe) A,Regular,account.data_account_type_expense,False,Pour achats France
pcg_6072,fr_pcg_expense,tva_acq_normale,6072,Marchandise (ou groupe) B,Regular,account.data_account_type_expense,False,Pour déclaration TVA intracommunautaire
pcg_608,pcg_60,tva_acq_normale,608,Frais accessoires incorporés aux achats,Regular,account.data_account_type_expense,False,
pcg_609,pcg_60,tva_acq_normale,609,"Rabais, remises et ristournes obtenus sur achats",View,account.data_account_type_view,False,
pcg_6091,pcg_609,tva_acq_normale,6091,- de matières premières (et fournitures),Regular,account.data_account_type_expense,False,
pcg_6092,pcg_609,tva_acq_normale,6092,- d'autres approvisionnements stockés,Regular,account.data_account_type_expense,False,
pcg_6094,pcg_609,tva_acq_normale,6094,- d'études et prestations de services,Regular,account.data_account_type_expense,False,
pcg_6095,pcg_609,tva_acq_normale,6095,"- de matériel, équipements et travaux",Regular,account.data_account_type_expense,False,
pcg_6096,pcg_609,tva_acq_normale,6096,- d'approvisionnements non stockés,Regular,account.data_account_type_expense,False,
pcg_6097,pcg_609,tva_acq_normale,6097,- de marchandises,Regular,account.data_account_type_expense,False,
pcg_6098,pcg_609,tva_acq_normale,6098,"Rabais, remises et ristournes non affectés",Regular,account.data_account_type_expense,False,
pcg_61,pcg_Classe_6,tva_acq_normale,61,Services extérieurs,View,account.data_account_type_view,False,
pcg_611,pcg_61,tva_acq_normale,611,Sous-traitance générale,Regular,account.data_account_type_expense,False,
pcg_612,pcg_61,tva_acq_normale,612,Redevances de crédit-bail,View,account.data_account_type_view,False,
pcg_6122,pcg_612,tva_acq_normale,6122,Crédit-bail mobilier,Regular,account.data_account_type_expense,False,
pcg_6125,pcg_612,tva_acq_normale,6125,Crédit-bail immobilier,Regular,account.data_account_type_expense,False,
pcg_613,pcg_61,tva_acq_normale,613,Locations,View,account.data_account_type_view,False,
pcg_6132,pcg_613,tva_acq_normale,6132,Locations immobilières,Regular,account.data_account_type_expense,False,
pcg_6135,pcg_613,tva_acq_normale,6135,Locations mobilières,Regular,account.data_account_type_expense,False,
pcg_6136,pcg_613,tva_acq_normale,6136,Malis sur emballages,Regular,account.data_account_type_expense,False,
pcg_614,pcg_61,tva_acq_normale,614,Charges locatives et de copropriété,Regular,account.data_account_type_expense,False,
pcg_615,pcg_61,tva_acq_normale,615,Entretien et réparations,View,account.data_account_type_view,False,
pcg_6152,pcg_615,tva_acq_normale,6152,- sur biens immobiliers,Regular,account.data_account_type_expense,False,
pcg_6155,pcg_615,tva_acq_normale,6155,- sur biens mobiliers,Regular,account.data_account_type_expense,False,
pcg_6156,pcg_615,tva_acq_normale,6156,Maintenance,Regular,account.data_account_type_expense,False,
pcg_616,pcg_61,,616,Primes d'assurance,View,account.data_account_type_view,False,
pcg_6161,pcg_616,,6161,Multirisques,Regular,account.data_account_type_expense,False,
pcg_6162,pcg_616,,6162,Assurance obligatoire dommage construction ,Regular,account.data_account_type_expense,False,
pcg_6163,pcg_616,,6163,Assurance transport,View,account.data_account_type_view,False,
pcg_61636,pcg_6163,,61636,Assurance transport sur achats,Regular,account.data_account_type_expense,False,
pcg_61637,pcg_6163,,61637,Assurance transportsur ventes,Regular,account.data_account_type_expense,False,
pcg_61638,pcg_6163,,61638,Assurance transport sur autres biens,Regular,account.data_account_type_expense,False,
pcg_6164,pcg_616,,6164,Risques d'exploitation,Regular,account.data_account_type_expense,False,
pcg_6165,pcg_616,,6165,Insolvabilité clients,Regular,account.data_account_type_expense,False,
pcg_617,pcg_61,,617,Études et recherches,Regular,account.data_account_type_expense,False,
pcg_618,pcg_61,,618,Divers,View,account.data_account_type_view,False,
pcg_6181,pcg_618,,6181,Documentation générale,Regular,account.data_account_type_expense,False,
pcg_6183,pcg_618,,6183,Documentation technique,Regular,account.data_account_type_expense,False,
pcg_6185,pcg_618,,6185,"Frais de colloques, séminaires, conférences",Regular,account.data_account_type_expense,False,
pcg_619,pcg_61,,619,"Rabais, remises et ristournes obtenus sur services extérieurs",Regular,account.data_account_type_expense,False,
pcg_62,pcg_Classe_6,,62,Autres services extérieurs,View,account.data_account_type_view,False,
pcg_621,pcg_62,,621,Personnel extérieur à l'entreprise,View,account.data_account_type_view,False,
pcg_6211,pcg_621,,6211,Personnel intérimaire,Regular,account.data_account_type_expense,False,
pcg_6214,pcg_621,,6214,Personnel détaché ou prêté à l'entreprise,Regular,account.data_account_type_expense,False,
pcg_622,pcg_62,,622,Rémunérations d'intermédiaires et honoraires ,View,account.data_account_type_view,False,
pcg_6221,pcg_622,,6221,Commissions et courtages sur achats ,Regular,account.data_account_type_expense,False,
pcg_6222,pcg_622,,6222,Commissions et courtages sur ventes,Regular,account.data_account_type_expense,False,
pcg_6224,pcg_622,,6224,Rémunérations des transitaires,Regular,account.data_account_type_expense,False,
pcg_6225,pcg_622,tva_acq_normale,6225,Rémunérations d'affacturage,Regular,account.data_account_type_expense,False,
pcg_6226,pcg_622,tva_acq_normale,6226,Honoraires,Regular,account.data_account_type_expense,False,
pcg_6227,pcg_622,tva_acq_normale,6227,Frais d'actes et de contentieux,Regular,account.data_account_type_expense,False,
pcg_6228,pcg_622,tva_acq_normale,6228,Divers,Regular,account.data_account_type_expense,False,
pcg_623,pcg_62,tva_acq_normale,623,"Publicité, publications, relations publiques",View,account.data_account_type_view,False,"Dont annonces légales, greffe, cartes visites"
pcg_6231,pcg_623,tva_acq_normale,6231,Annonces et insertions,Regular,account.data_account_type_expense,False,
pcg_6232,pcg_623,tva_acq_normale,6232,Échantillons,Regular,account.data_account_type_expense,False,
pcg_6233,pcg_623,tva_acq_normale,6233,Foires et expositions,Regular,account.data_account_type_expense,False,
pcg_6234,pcg_623,tva_acq_normale,6234,Cadeaux à la clientèle,Regular,account.data_account_type_expense,False,Attention déclaration DAS fin d'année
pcg_6235,pcg_623,tva_acq_normale,6235,Primes,Regular,account.data_account_type_expense,False,
pcg_6236,pcg_623,tva_acq_normale,6236,Catalogues et imprimés,Regular,account.data_account_type_expense,False,
pcg_6237,pcg_623,tva_acq_normale,6237,Publications,Regular,account.data_account_type_expense,False,
pcg_6238,pcg_623,tva_acq_normale,6238,"Divers (pourboires, dons courants...)",Regular,account.data_account_type_expense,False,
pcg_624,pcg_62,tva_normale,624,Transports de biens et transports collectifs du personnel,View,account.data_account_type_view,False,
pcg_6241,pcg_624,tva_acq_normale,6241,Transports sur achats,Regular,account.data_account_type_expense,False,
pcg_6242,pcg_624,tva_acq_normale,6242,Transports sur ventes,Regular,account.data_account_type_expense,False,
pcg_6243,pcg_624,tva_acq_normale,6243,Transports entre établissements ou chantiers,Regular,account.data_account_type_expense,False,
pcg_6244,pcg_624,tva_acq_normale,6244,Transports administratifs,Regular,account.data_account_type_expense,False,
pcg_6247,pcg_624,tva_acq_normale,6247,Transports collectifs du personnel,Regular,account.data_account_type_expense,False,
pcg_6248,pcg_624,tva_acq_normale,6248,Divers,Regular,account.data_account_type_expense,False,
pcg_625,pcg_62,,625,Déplacements missions et réceptions,View,account.data_account_type_view,False,
pcg_6251,pcg_625,,6251,Voyages et déplacements,Regular,account.data_account_type_expense,False,
pcg_6255,pcg_625,,6255,Frais de déménagement,Regular,account.data_account_type_expense,False,
pcg_6256,pcg_625,,6256,Missions,Regular,account.data_account_type_expense,False,
pcg_6257,pcg_625,,6257,Réceptions,Regular,account.data_account_type_expense,False,
pcg_626,pcg_62,,626,Frais postaux et frais de télécommunications,Regular,account.data_account_type_expense,False,
pcg_627,pcg_62,,627,Services bancaires et assimilés,View,account.data_account_type_view,False,"Frais de tenue de compte, etc"
pcg_6271,pcg_627,,6271,"Frais sur titres (achat, vente, garde)",Regular,account.data_account_type_expense,False,
pcg_6272,pcg_627,,6272,Commissions et frais sur émission d'emprunts,Regular,account.data_account_type_expense,False,
pcg_6275,pcg_627,,6275,Frais sur effets,Regular,account.data_account_type_expense,False,
pcg_6276,pcg_627,,6276,Location de coffres,Regular,account.data_account_type_expense,False,
pcg_6278,pcg_627,,6278,Autres frais et commissions sur prestations de services,Regular,account.data_account_type_expense,False,
pcg_628,pcg_62,,628,Divers,View,account.data_account_type_view,False,
pcg_6281,pcg_628,,6281,Concours divers (cotisations...),Regular,account.data_account_type_expense,False,
pcg_6284,pcg_628,,6284,Frais de recrutement de personnel,Regular,account.data_account_type_expense,False,
pcg_629,pcg_62,,629,"Rabais, remises et ristournes obtenus sur autres services extérieurs",Regular,account.data_account_type_expense,False,
pcg_63,pcg_Classe_6,,63,"Impôts, taxes et versements assimilés",View,account.data_account_type_view,False,
pcg_631,pcg_63,,631,"Impôts, taxes et versements assimilés sur rémunérations (administration des impôts) ",View,account.data_account_type_view,False,
pcg_6311,pcg_631,,6311,Taxe sur les salaires,Regular,account.data_account_type_expense,False,
pcg_6312,pcg_631,,6312,Taxe d'apprentissage,Regular,account.data_account_type_expense,False,
pcg_6313,pcg_631,,6313,Participation des employeurs à la formation professionnelle continue,Regular,account.data_account_type_expense,False,
pcg_6314,pcg_631,,6314,Cotisation pour défaut d'investissement obligatoire dans la construction,Regular,account.data_account_type_expense,False,
pcg_6318,pcg_631,,6318,Autres,Regular,account.data_account_type_expense,False,
pcg_633,pcg_63,,633,"Impôts, taxes et versements assimilés sur rémunérations (autres organismes)",View,account.data_account_type_view,False,
pcg_6331,pcg_633,,6331,Versement de transport,Regular,account.data_account_type_expense,False,
pcg_6332,pcg_633,,6332,Allocation logement,Regular,account.data_account_type_expense,False,
pcg_6333,pcg_633,,6333,Participation des employeurs à la formation professionnelle continue,Regular,account.data_account_type_expense,False,
pcg_6334,pcg_633,,6334,Participation des employeurs à l'effort de construction,Regular,account.data_account_type_expense,False,
pcg_6335,pcg_633,,6335,Versements libératoires ouvrant droit à l'exonération de la taxe d'apprentissage,Regular,account.data_account_type_expense,False,
pcg_6338,pcg_633,,6338,Autres,Regular,account.data_account_type_expense,False,
pcg_635,pcg_63,,635,"Autres impôts, taxes et versements assimilés (administration des impôts)",View,account.data_account_type_view,False,
pcg_6351,pcg_635,,6351,Impôts directs (sauf impôts sur les bénéfices),View,account.data_account_type_view,False,
pcg_63511,pcg_6351,,63511,Taxe professionnelle,Regular,account.data_account_type_expense,False,
pcg_63512,pcg_6351,,63512,Taxes foncières,Regular,account.data_account_type_expense,False,
pcg_63513,pcg_6351,,63513,Autres impôts locaux,Regular,account.data_account_type_expense,False,
pcg_63514,pcg_6351,,63514,Taxe sur les véhicules des sociétés,Regular,account.data_account_type_expense,False,
pcg_6352,pcg_635,,6352,Taxes sur le chiffre d'affaires non récupérables ,Regular,account.data_account_type_expense,False,
pcg_6353,pcg_635,,6353,Impôts indirects,Regular,account.data_account_type_expense,False,
pcg_6354,pcg_635,,6354,Droits d'enregistrement et de timbre,View,account.data_account_type_view,False,
pcg_63541,pcg_6354,,63541,Droits de mutation,Regular,account.data_account_type_expense,False,
pcg_6358,pcg_635,,6358,Autres droits,Regular,account.data_account_type_expense,False,
pcg_637,pcg_63,,637,"Autres impôts, taxes et versements assimilés (autres organismes)",View,account.data_account_type_view,False,
pcg_6371,pcg_637,,6371,Contribution sociale de solidarité à la charge des sociétés,Regular,account.data_account_type_expense,False,
pcg_6372,pcg_637,,6372,Taxes perçues par les organismes publics internationaux,Regular,account.data_account_type_expense,False,
pcg_6374,pcg_637,,6374,Impôts et taxes exigibles à l'étranger,Regular,account.data_account_type_expense,False,
pcg_6378,pcg_637,,6378,Taxes diverses,Regular,account.data_account_type_expense,False,
pcg_64,pcg_Classe_6,,64,Charges de personnel,View,account.data_account_type_view,False,
pcg_641,pcg_64,,641,Rémunérations du personnel,View,account.data_account_type_view,False,
pcg_6411,pcg_641,,6411,Salaires et appointements,Regular,account.data_account_type_expense,False,
pcg_6412,pcg_641,,6412,Congés payés,Regular,account.data_account_type_expense,False,
pcg_6413,pcg_641,,6413,Primes et gratifications,Regular,account.data_account_type_expense,False,
pcg_6414,pcg_641,,6414,Indemnités et avantages divers,Regular,account.data_account_type_expense,False,
pcg_6415,pcg_641,,6415,Supplément familial,Regular,account.data_account_type_expense,False,
pcg_644,pcg_64,,644,Rémunération du travail de l'exploitant,Regular,account.data_account_type_expense,False,
pcg_645,pcg_64,,645,Charges de Sécurité sociale et de prévoyance,View,account.data_account_type_view,False,
pcg_6451,pcg_645,,6451,Cotisations à l'URSSAF,Regular,account.data_account_type_expense,False,
pcg_6452,pcg_645,,6452,Cotisations aux mutuelles,Regular,account.data_account_type_expense,False,
pcg_6453,pcg_645,,6453,Cotisations aux caisses de retraites,Regular,account.data_account_type_expense,False,
pcg_6454,pcg_645,,6454,Cotisations aux ASSEDIC,Regular,account.data_account_type_expense,False,
pcg_6458,pcg_645,,6458,Cotisations aux autres organismes sociaux,Regular,account.data_account_type_expense,False,
pcg_646,pcg_64,,646,Cotisations sociales personnelles de l'exploitant,Regular,account.data_account_type_expense,False,
pcg_647,pcg_64,,647,Autres charges sociales,View,account.data_account_type_view,False,
pcg_6471,pcg_647,,6471,Prestations directes,Regular,account.data_account_type_expense,False,
pcg_6472,pcg_647,,6472,Versements aux comités d'entreprise et d'établissement,Regular,account.data_account_type_expense,False,
pcg_6473,pcg_647,,6473,Versements aux comités d'hygiène et de sécurité,Regular,account.data_account_type_expense,False,
pcg_6474,pcg_647,,6474,Versements aux autres oeuvres sociales,Regular,account.data_account_type_expense,False,
pcg_6475,pcg_647,,6475,Médecine du travail pharmacie,Regular,account.data_account_type_expense,False,
pcg_648,pcg_64,,648,Autres charges de personnel,Regular,account.data_account_type_expense,False,
pcg_65,pcg_Classe_6,,65,Autres charges de gestion courante,View,account.data_account_type_view,False,
pcg_651,pcg_65,,651,"Redevances pour concessions, brevets, licences, marques, procédés, logiciels, droits et valeurs similaires",View,account.data_account_type_view,False,
pcg_6511,pcg_651,,6511,"Redevances pour concessions brevets, licences, marques, procédés, logiciels ",Regular,account.data_account_type_expense,False,
pcg_6516,pcg_651,,6516,Droits d'auteur et de reproduction,Regular,account.data_account_type_expense,False,
pcg_6518,pcg_651,,6518,Autres droits et valeurs similaires,Regular,account.data_account_type_expense,False,
pcg_653,pcg_65,,653,Jetons de présence,Regular,account.data_account_type_expense,False,
pcg_654,pcg_65,,654,Pertes sur créances irrécouvrables,View,account.data_account_type_view,False,Faire et conserver les relances et mises en demeures
pcg_6541,pcg_654,,6541,Créances de l'exercice,Regular,account.data_account_type_expense,False,
pcg_6544,pcg_654,,6544,Créances des exercices antérieurs,Regular,account.data_account_type_expense,False,
pcg_655,pcg_65,,655,Quotes-parts de résultat sur opérations faites en commun,View,account.data_account_type_view,False,
pcg_6551,pcg_655,,6551,Quote-part de bénéfice transférée (comptabilité du gérant),Regular,account.data_account_type_expense,False,
pcg_6555,pcg_655,,6555,Quote-part de perte supportée (comptabilité des associés non gérants),Regular,account.data_account_type_expense,False,
pcg_658,pcg_65,,658,Charges diverses de gestion courante,Regular,account.data_account_type_expense,False,
pcg_66,pcg_Classe_6,,66,Charges financières,View,account.data_account_type_view,False,Dont les intérêts d'emprunt
pcg_661,pcg_66,,661,Charges d'intérêt,View,account.data_account_type_view,False,
pcg_6611,pcg_661,,6611,Intérêts des emprunts et dettes,View,account.data_account_type_view,False,
pcg_66116,pcg_6611,,66116,Intérêts des emprunts et dettes assimilées,Regular,account.data_account_type_expense,False,
pcg_66117,pcg_6611,,66117,Intérêts des dettes rattachées à des participations,Regular,account.data_account_type_expense,False,
pcg_6615,pcg_661,,6615,Intérêts des comptes courants et des dépôts créditeurs,Regular,account.data_account_type_expense,False,
pcg_6616,pcg_661,,6616,"Intérêts bancaires et sur opérations de financement (escompte, ...)",Regular,account.data_account_type_expense,False,
pcg_6617,pcg_661,,6617,Intérêts des obligations cautionnées,Regular,account.data_account_type_expense,False,
pcg_6618,pcg_661,,6618,Intérêts des autres dettes,View,account.data_account_type_view,False,
pcg_66181,pcg_6618,,66181,Intérêts des dettes commerciales,Regular,account.data_account_type_expense,False,
pcg_66188,pcg_6618,,66188,Intérêts des dettes diverses,Regular,account.data_account_type_expense,False,
pcg_664,pcg_66,,664,Pertes sur créances liées à des participations,Regular,account.data_account_type_expense,False,
pcg_665,pcg_66,,665,Escomptes accordés,Regular,account.data_account_type_expense,False,
pcg_666,pcg_66,,666,Pertes de change,Regular,account.data_account_type_expense,False,
pcg_667,pcg_66,,667,Charges nettes sur cessions de valeurs mobilières de placement,Regular,account.data_account_type_expense,False,(contrepartie 767)
pcg_668,pcg_66,,668,Autres charges financières,Regular,account.data_account_type_expense,False,
pcg_67,pcg_Classe_6,,67,Charges exceptionnelles,View,account.data_account_type_view,False,
pcg_671,pcg_67,,671,Charges exceptionnelles sur opérations de gestion,View,account.data_account_type_view,False,
pcg_6711,pcg_671,,6711,Pénalités sur marchés (et dédits payés sur achats et ventes),Regular,account.data_account_type_expense,False,
pcg_6712,pcg_671,,6712,"Pénalités, amendes fiscales et pénales ",Regular,account.data_account_type_expense,False,PV code de la route non déductibles
pcg_6713,pcg_671,,6713,"Dons, libéralités",Regular,account.data_account_type_expense,False,
pcg_6714,pcg_671,,6714,Créances devenues irrécouvrables dans l'exercice,Regular,account.data_account_type_expense,False,
pcg_6715,pcg_671,,6715,Subventions accordées,Regular,account.data_account_type_expense,False,
pcg_6717,pcg_671,,6717,Rappels d'impôts (autres qu'impôts sur les bénéfices),Regular,account.data_account_type_expense,False,
pcg_6718,pcg_671,,6718,Autres charges exceptionnelles sur opération de gestion,Regular,account.data_account_type_expense,False,
pcg_672,pcg_67,,672,Charges sur exercices antérieurs (en cours d'exercice seulement),Regular,account.data_account_type_expense,False,
pcg_675,pcg_67,,675,Valeurs comptables des éléments d'actif cédés,View,account.data_account_type_view,False,Vente d'immobilisation = (Valeur d'origine - amortissements) (contrepartie 775)
pcg_6751,pcg_675,,6751,Immobilisations incorporelles,Regular,account.data_account_type_expense,False,
pcg_6752,pcg_675,,6752,Immobilisations corporelles,Regular,account.data_account_type_expense,False,
pcg_6756,pcg_675,,6756,Immobilisations financières,Regular,account.data_account_type_expense,False,
pcg_6758,pcg_675,,6758,Autres éléments d'actif,Regular,account.data_account_type_expense,False,
pcg_678,pcg_67,,678,Autres charges exceptionnelles,View,account.data_account_type_view,False,
pcg_6781,pcg_678,,6781,Malis provenant de clauses d'indexation ,Regular,account.data_account_type_expense,False,
pcg_6782,pcg_678,,6782,Lots,Regular,account.data_account_type_expense,False,
pcg_6783,pcg_678,,6783,Malis provenant du rachat par l'entreprise d'actions et obligations émises par elle-même,Regular,account.data_account_type_expense,False,
pcg_6788,pcg_678,,6788,Charges exceptionnelles diverses,Regular,account.data_account_type_expense,False,
pcg_68,pcg_Classe_6,,68,"Dotations aux amortissements, dépréciations et provisions",View,account.data_account_type_view,False,
pcg_681,pcg_68,,681,"Dotations aux amortissements, dépréciations et provisions - Charges d'exploitation",View,account.data_account_type_view,False,
pcg_6811,pcg_681,,6811,Dotations aux amortissements des immobilisations incorporelles et corporelles ,View,account.data_account_type_view,False,
pcg_68111,pcg_6811,,68111,Immobilisations incorporelles,Regular,account.data_account_type_expense,False,
pcg_68112,pcg_6811,,68112,Immobilisations corporelles,Regular,account.data_account_type_expense,False,
pcg_6812,pcg_681,,6812,Dotations aux amortissements des charges d'exploitation à répartir,Regular,account.data_account_type_expense,False,
pcg_6815,pcg_681,,6815,Dotations aux provisions pour risques et charges d'exploitation,Regular,account.data_account_type_expense,False,
pcg_6816,pcg_681,,6816,Dotations pour dépréciations des immobilisations incorporelles et corporelles,View,account.data_account_type_view,False,
pcg_68161,pcg_6816,,68161,Immobilisations incorporelles,Regular,account.data_account_type_expense,False,
pcg_68162,pcg_6816,,68162,Immobilisations corporelles,Regular,account.data_account_type_expense,False,
pcg_6817,pcg_681,,6817,Dotations aux provisions pour dépréciation des actifs circulants,View,account.data_account_type_view,False,
pcg_68173,pcg_6817,,68173,Stocks et en-cours,Regular,account.data_account_type_expense,False,
pcg_68174,pcg_6817,,68174,Créances,Regular,account.data_account_type_expense,False,
pcg_686,pcg_68,,686,"Dotations aux amortissements, dépréciations et provisions - Charges financières",View,account.data_account_type_view,False,
pcg_6861,pcg_686,,6861,Dotations aux amortissements des primes de remboursement des obligations,Regular,account.data_account_type_expense,False,
pcg_6865,pcg_686,,6865,Dotations aux provisions pour risques et charges financiers,Regular,account.data_account_type_expense,False,
pcg_6866,pcg_686,,6866,Dotations aux dépréciation des éléments financiers,View,account.data_account_type_view,False,
pcg_68662,pcg_6866,,68662,Immobilisations financières,Regular,account.data_account_type_expense,False,
pcg_68665,pcg_6866,,68665,Valeurs mobilières de placement,Regular,account.data_account_type_expense,False,
pcg_6868,pcg_686,,6868,Autres dotations,Regular,account.data_account_type_expense,False,
pcg_687,pcg_68,,687,"Dotations aux amortissements, dépréciations et provisions - Charges exceptionnelles",View,account.data_account_type_view,False,
pcg_6871,pcg_687,,6871,Dotations aux amortissements exceptionnels des immobilisations,Regular,account.data_account_type_expense,False,
pcg_6872,pcg_687,,6872,Dotations aux provisions réglementées (immobilisations),View,account.data_account_type_view,False,
pcg_68725,pcg_6872,,68725,Amortissements dérogatoires,Regular,account.data_account_type_expense,False,
pcg_6873,pcg_687,,6873,Dotations aux provisions réglementées (stocks),Regular,account.data_account_type_expense,False,
pcg_6874,pcg_687,,6874,Dotations aux autres provisions réglementées,Regular,account.data_account_type_expense,False,
pcg_6875,pcg_687,,6875,Dotations aux provisions exceptionnelles,Regular,account.data_account_type_expense,False,
pcg_6876,pcg_687,,6876,Dotations aux dépréciations exceptionnelles,Regular,account.data_account_type_expense,False,
pcg_69,pcg_Classe_6,,69,Participation des salariés - Impôts sur les bénéfices et assimilés,View,account.data_account_type_view,False,
pcg_691,pcg_69,,691,Participation des salariés aux résultats,Regular,account.data_account_type_expense,False,
pcg_695,pcg_69,,695,Impôts sur les bénéfices,View,account.data_account_type_view,False,
pcg_6951,pcg_695,,6951,Impôts dus en France,Regular,account.data_account_type_expense,False,
pcg_6952,pcg_695,,6952,Contribution additionnelle à l'impôt sur les bénéfices,Regular,account.data_account_type_expense,False,
pcg_6954,pcg_695,,6954,Impôts dus à l'étranger,Regular,account.data_account_type_expense,False,
pcg_696,pcg_69,,696,Supplément d'impôt sur les sociétés lié aux distributions,Regular,account.data_account_type_expense,False,
pcg_697,pcg_69,,697,Imposition forfaitaire annuelle des sociétés,Regular,account.data_account_type_expense,False,
pcg_698,pcg_69,,698,Intégration fiscale,View,account.data_account_type_view,False,
pcg_6981,pcg_698,,6981,Intégration fiscale - Charges,Regular,account.data_account_type_expense,False,
pcg_6989,pcg_698,,6989,Intégration fiscale - Produits,Regular,account.data_account_type_expense,False,
pcg_699,pcg_69,,699,"Produits, Reports en arrière des déficits",Regular,account.data_account_type_expense,False,
pcg_Classe_7,pcg_Classes_6_et_7,,Classe 7,Comptes de produits,View,account.data_account_type_view,False,
pcg_70,pcg_Classe_7,,70,Ventes de produits fabriqués - Prestations de service - Marchandises,View,account.data_account_type_view,False,
pcg_701,pcg_70,,701,Ventes de produits finis,View,account.data_account_type_view,False,
pcg_7011,pcg_701,tva_normale,7011,Produits finis (ou groupe) A,Regular,account.data_account_type_income,False,
pcg_7012,pcg_701,tva_normale,7012,Produits finis (ou groupe) B,Regular,account.data_account_type_income,False,
pcg_702,pcg_70,tva_normale,702,Ventes de produits intermédiaires,Regular,account.data_account_type_income,False,
pcg_703,pcg_70,tva_normale,703,Ventes de produits résiduels,Regular,account.data_account_type_income,False,
pcg_704,pcg_70,tva_normale,704,Travaux,View,account.data_account_type_view,False,
pcg_7041,pcg_704,tva_normale,7041,Travaux de catégorie (ou activité) A,Regular,account.data_account_type_income,False,
pcg_7042,pcg_704,tva_normale,7042,Travaux de catégorie (ou activité) B,Regular,account.data_account_type_income,False,
pcg_705,pcg_70,tva_normale,705,Études,Regular,account.data_account_type_income,False,
pcg_706,pcg_70,tva_normale,706,Prestations de services,Regular,account.data_account_type_income,False,
fr_pcg_sale,pcg_70,tva_normale,707,Ventes de marchandises,View,account.data_account_type_view,False,707-607 = marge commerciale (contrepartie 607)
pcg_7071,fr_pcg_sale,tva_normale,7071,Marchandises (ou groupe) A,Regular,account.data_account_type_income,False,
pcg_7072,fr_pcg_sale,tva_normale,7072,Marchandises (ou groupe) B,Regular,account.data_account_type_income,False,
pcg_7073,fr_pcg_sale,,7073,Marchandises à l'exportation,Regular,account.data_account_type_income,False,
pcg_708,pcg_70,,708,Produits des activités annexes,View,account.data_account_type_view,False,Activité accessoire ou occasionnelle
pcg_7081,pcg_708,,7081,Produits des services exploités dans l'intérêt du personnel,Regular,account.data_account_type_income,False,
pcg_7082,pcg_708,,7082,Commissions et courtages,Regular,account.data_account_type_income,False,
pcg_7083,pcg_708,,7083,Locations diverses,Regular,account.data_account_type_income,False,
pcg_7084,pcg_708,,7084,Mise à disposition de personnel facturée ,Regular,account.data_account_type_income,False,
pcg_7085,pcg_708,,7085,Ports et frais accessoires facturés,Regular,account.data_account_type_income,False,
pcg_7086,pcg_708,,7086,Bonis sur reprises d'emballages consignés,Regular,account.data_account_type_income,False,
pcg_7087,pcg_708,,7087,Bonifications obtenues des clients et primes sur ventes,Regular,account.data_account_type_income,False,
pcg_7088,pcg_708,,7088,Autres produits d'activités annexes (cessions d'approvisionnements...),Regular,account.data_account_type_income,False,
pcg_709,pcg_70,,709,"Rabais, remises et ristournes accordés par l'entreprise",View,account.data_account_type_view,False,
pcg_7091,pcg_709,,7091,- sur ventes de produits finis,Regular,account.data_account_type_income,False,
pcg_7092,pcg_709,,7092,- sur ventes de produits intermédiaires ,Regular,account.data_account_type_income,False,
pcg_7094,pcg_709,,7094,- sur travaux,Regular,account.data_account_type_income,False,
pcg_7095,pcg_709,,7095,- sur études,Regular,account.data_account_type_income,False,
pcg_7096,pcg_709,,7096,- sur prestations de services,Regular,account.data_account_type_income,False,
pcg_7097,pcg_709,,7097,- sur ventes de marchandises,Regular,account.data_account_type_income,False,
pcg_7098,pcg_709,,7098,- sur produits des activités annexes,Regular,account.data_account_type_income,False,
pcg_71,pcg_Classe_7,,71,Production stockée (ou déstockage),View,account.data_account_type_view,False,
pcg_713,pcg_71,,713,"Variation des stocks (en-cours de production, produits)",View,account.data_account_type_view,False,
pcg_7133,pcg_713,,7133,Variation des en-cours de production de biens,View,account.data_account_type_view,False,
pcg_71331,pcg_7133,,71331,Produits en cours,Regular,account.data_account_type_income,False,
pcg_71335,pcg_7133,,71335,Travaux en cours,Regular,account.data_account_type_income,False,
pcg_7134,pcg_713,,7134,Variation des en-cours de production de services,View,account.data_account_type_view,False,
pcg_71341,pcg_7134,,71341,Études en cours,Regular,account.data_account_type_income,False,
pcg_71345,pcg_7134,,71345,Prestations de services en cours,Regular,account.data_account_type_income,False,
pcg_7135,pcg_713,,7135,Variation des stocks de produits,View,account.data_account_type_view,False,
pcg_71351,pcg_7135,,71351,Produits intermédiaires ,Regular,account.data_account_type_income,False,
pcg_71355,pcg_7135,,71355,Produits finis,Regular,account.data_account_type_income,False,
pcg_71358,pcg_7135,,71358,Produits résiduels,Regular,account.data_account_type_income,False,
pcg_72,pcg_Classe_7,,72,Production immobilisée,View,account.data_account_type_view,False,
pcg_721,pcg_72,,721,Immobilisations incorporelles ,Regular,account.data_account_type_income,False,
pcg_722,pcg_72,,722,Immobilisations corporelles,Regular,account.data_account_type_income,False,
pcg_74,pcg_Classe_7,,74,Subventions d'exploitation,View,account.data_account_type_view,False,
pcg_75,pcg_Classe_7,,75,Autres produits de gestion courante,View,account.data_account_type_view,False,
pcg_751,pcg_75,,751,"Redevances pour concessions, brevets, licences, marques, procédés, logiciels, droits et valeurs similaires",View,account.data_account_type_view,False,
pcg_7511,pcg_751,,7511,"Redevances pour concessions, brevets, licences, marques, procédés, logiciels ",Regular,account.data_account_type_income,False,
pcg_7516,pcg_751,,7516,Droits d'auteur et de reproduction,Regular,account.data_account_type_income,False,
pcg_7518,pcg_751,,7518,Autres droits et valeurs similaires,Regular,account.data_account_type_income,False,
pcg_752,pcg_75,,752,Revenus des immeubles non affectés aux activités professionnelles,Regular,account.data_account_type_income,False,
pcg_753,pcg_75,,753,"Jetons de présence et rémunérations d'administrateurs, gérants..",Regular,account.data_account_type_income,False,
pcg_754,pcg_75,,754,Ristournes perçues des coopératives (provenant des excédents),Regular,account.data_account_type_income,False,
pcg_755,pcg_75,,755,Quotes-parts de résultats sur opérations faites en commun,View,account.data_account_type_view,False,
pcg_7551,pcg_755,,7551,Quote-part de perte transférée (comptabilité du gérant),Regular,account.data_account_type_income,False,
pcg_7555,pcg_755,,7555,Quote-part de bénéfice attribuée (comptabilité des associés non-gérants),Regular,account.data_account_type_income,False,
pcg_758,pcg_75,,758,Produits divers de gestion courante,Regular,account.data_account_type_income,False,
pcg_76,pcg_Classe_7,,76,Produits financiers,View,account.data_account_type_view,False,Intérêts sur comptes rémunérés (SICAV....)
pcg_761,pcg_76,,761,Produits de participations,View,account.data_account_type_view,False,
pcg_7611,pcg_761,,7611,Revenus des titres de participation,Regular,account.data_account_type_income,False,
pcg_7616,pcg_761,,7616,Revenus sur autres formes de participation ,Regular,account.data_account_type_income,False,
pcg_7617,pcg_761,,7617,Revenus des créances rattachées à des participations,Regular,account.data_account_type_income,False,
pcg_762,pcg_76,,762,Produits des autres immobilisations financières,View,account.data_account_type_view,False,
pcg_7621,pcg_762,,7621,Revenus des titres immobilisés,Regular,account.data_account_type_income,False,
pcg_7626,pcg_762,,7626,Revenus des prêts,Regular,account.data_account_type_income,False,
pcg_7627,pcg_762,,7627,Revenus des créances immobilisées,Regular,account.data_account_type_income,False,
pcg_763,pcg_76,,763,Revenus des autres créances,View,account.data_account_type_view,False,
pcg_7631,pcg_763,,7631,Revenus des créances commerciales ,Regular,account.data_account_type_income,False,
pcg_7638,pcg_763,,7638,Revenus des créances diverses,Regular,account.data_account_type_income,False,
pcg_764,pcg_76,,764,Revenus des valeurs mobilières de placement,Regular,account.data_account_type_income,False,
pcg_765,pcg_76,,765,Escomptes obtenus,Regular,account.data_account_type_income,False,
pcg_766,pcg_76,,766,Gains de change,Regular,account.data_account_type_income,False,
pcg_767,pcg_76,,767,Produits nets sur cessions de valeurs mobilières de placement,Regular,account.data_account_type_income,False,(contrepartie 667)
pcg_768,pcg_76,,768,Autres produits financiers,Regular,account.data_account_type_income,False,
pcg_77,pcg_Classe_7,,77,Produits exceptionnels,View,account.data_account_type_view,False,
pcg_771,pcg_77,,771,Produits exceptionnels sur opérations de gestion,View,account.data_account_type_view,False,Écarts d'arrondis
pcg_7711,pcg_771,,7711,Dédits et pénalités perçus sur achats et sur ventes,Regular,account.data_account_type_income,False,
pcg_7713,pcg_771,,7713,Libéralités reçues,Regular,account.data_account_type_income,False,
pcg_7714,pcg_771,,7714,Rentrées sur créances amorties,Regular,account.data_account_type_income,False,
pcg_7715,pcg_771,,7715,Subventions d'équilibre,Regular,account.data_account_type_income,False,
pcg_7717,pcg_771,,7717,Dégrèvements d'impôts autres qu'impôts sur les bénéfices,Regular,account.data_account_type_income,False,
pcg_7718,pcg_771,,7718,Autres produits exceptionnels sur opérations de gestion,Regular,account.data_account_type_income,False,
pcg_772,pcg_77,,772,Produits sur exercices antérieurs (en cours d'exercice seulement),Regular,account.data_account_type_income,False,
pcg_775,pcg_77,,775,Produits des cessions d'éléments d'actif,View,account.data_account_type_view,False,vente d'immobilisation = prix de vente (contrepartie 675)
pcg_7751,pcg_775,,7751,Immobilisations incorporelles,Regular,account.data_account_type_income,False,
pcg_7752,pcg_775,,7752,Immobilisations corporelles,Regular,account.data_account_type_income,False,
pcg_7756,pcg_775,,7756,Immobilisations financières,Regular,account.data_account_type_income,False,
pcg_7758,pcg_775,,7758,Autres éléments d'actif,Regular,account.data_account_type_income,False,
pcg_777,pcg_77,,777,Quote-part des subventions d'investissement virée au résultat de l'exercice,Regular,account.data_account_type_income,False,
pcg_778,pcg_77,,778,Autres produits exceptionnels,View,account.data_account_type_view,False,
pcg_7781,pcg_778,,7781,Bonis provenant de clauses d'indexation ,Regular,account.data_account_type_income,False,
pcg_7782,pcg_778,,7782,Lots,Regular,account.data_account_type_income,False,
pcg_7783,pcg_778,,7783,Bonis provenant du rachat par l'entreprise d'actions et d'obligations émises par elle-même,Regular,account.data_account_type_income,False,
pcg_7788,pcg_778,,7788,Produits exceptionnels divers,Regular,account.data_account_type_income,False,
pcg_78,pcg_Classe_7,,78,"Reprises sur amortissements, dépréciations et provisions",View,account.data_account_type_view,False,
pcg_781,pcg_78,,781,"Reprises sur amortissements, dépréciations et provisions (à inscrire dans les produits d'exploitation)",View,account.data_account_type_view,False,
pcg_7811,pcg_781,,7811,Reprises sur amortissements des immobilisations incorporelles et corporelles ,View,account.data_account_type_view,False,
pcg_78111,pcg_7811,,78111,Immobilisations incorporelles,Regular,account.data_account_type_income,False,
pcg_78112,pcg_7811,,78112,Immobilisations corporelles,Regular,account.data_account_type_income,False,
pcg_7815,pcg_781,,7815,Reprises sur provisions d'exploitation,Regular,account.data_account_type_income,False,
pcg_7816,pcg_781,,7816,Reprises sur dépréciations des immobilisations corporelles et incorporelles,View,account.data_account_type_view,False,
pcg_78161,pcg_7816,,78161,Immobilisations incorporelles,Regular,account.data_account_type_income,False,
pcg_78162,pcg_7816,,78162,Immobilisations corporelles,Regular,account.data_account_type_income,False,
pcg_7817,pcg_781,,7817,Reprises sur dépréciations des actifs circulants,View,account.data_account_type_view,False,
pcg_78173,pcg_7817,,78173,Stocks et en-cours,Regular,account.data_account_type_income,False,
pcg_78174,pcg_7817,,78174,Créances,Regular,account.data_account_type_income,False,
pcg_786,pcg_78,,786,Reprises sur dépréciations et provisions (à inscrire dans les produits financiers),View,account.data_account_type_view,False,
pcg_7865,pcg_786,,7865,Reprises sur provisions financiers,Regular,account.data_account_type_income,False,
pcg_7866,pcg_786,,7866,Reprises sur dépréciations des éléments financiers,View,account.data_account_type_view,False,
pcg_78662,pcg_7866,,78662,Immobilisations financières,Regular,account.data_account_type_income,False,
pcg_78665,pcg_7866,,78665,Valeurs mobilières de placement,Regular,account.data_account_type_income,False,
pcg_787,pcg_78,,787,Reprises sur dépréciations et provisions (à inscrire dans les produits exceptionnels),View,account.data_account_type_view,False,
pcg_7872,pcg_787,,7872,Reprises sur provisions réglementées (immobilisations),View,account.data_account_type_view,False,
pcg_78725,pcg_7872,,78725,Amortissements dérogatoires,Regular,account.data_account_type_income,False,
pcg_78726,pcg_7872,,78726,Provision spéciale de réévaluation,Regular,account.data_account_type_income,False,
pcg_78727,pcg_7872,,78727,Plus-values réinvesties,Regular,account.data_account_type_income,False,
pcg_7873,pcg_787,,7873,Reprises sur provisions réglementées (stocks) ,Regular,account.data_account_type_income,False,
pcg_7874,pcg_787,,7874,Reprises sur autres provisions réglementées ,Regular,account.data_account_type_income,False,
pcg_7875,pcg_787,,7875,Reprises sur provisions exceptionnelles,Regular,account.data_account_type_income,False,
pcg_7876,pcg_787,,7876,Reprises pour dépréciations exceptionnelles,Regular,account.data_account_type_income,False,
pcg_79,pcg_Classe_7,,79,Transferts de charges,View,account.data_account_type_view,False,
pcg_791,pcg_79,,791,Transferts de charges d'exploitation,Regular,account.data_account_type_income,False,
pcg_796,pcg_79,,796,Transferts de charges financières,Regular,account.data_account_type_income,False,
pcg_797,pcg_79,,797,Transferts de charges exceptionnelles,Regular,account.data_account_type_income,False,
